<?xml version="1.0" encoding="UTF-8"?>
<project-private xmlns="http://www.netbeans.org/ns/project-private/1">
    <editor-bookmarks xmlns="http://www.netbeans.org/ns/editor-bookmarks/2" lastBookmarkId="0"/>
    <open-files xmlns="http://www.netbeans.org/ns/projectui-open-files/2">
        <group>
            <file>file:/C:/Users/ASUS/OneDrive/Documents/NetBeansProjects/Cafe%20Management%20System/src/cafe/management/system/AddNewProduct.java</file>
            <file>file:/C:/Users/ASUS/OneDrive/Documents/NetBeansProjects/Cafe%20Management%20System/src/cafe/management/system/SignUp.java</file>
            <file>file:/C:/Users/ASUS/OneDrive/Documents/NetBeansProjects/Cafe%20Management%20System/src/cafe/management/system/ManageCategory.java</file>
            <file>file:/C:/Users/ASUS/OneDrive/Documents/NetBeansProjects/Cafe%20Management%20System/src/NewJFrame.java</file>
            <file>file:/C:/Users/ASUS/OneDrive/Documents/NetBeansProjects/Cafe%20Management%20System/src/cafe/management/system/Home.java</file>
            <file>file:/C:/Users/ASUS/OneDrive/Documents/NetBeansProjects/Cafe%20Management%20System/src/cafe/management/system/ViewBillsOrderPlacedDetails.java</file>
            <file>file:/C:/Users/ASUS/OneDrive/Documents/NetBeansProjects/Cafe%20Management%20System/src/cafe/management/system/Login.java</file>
            <file>file:/C:/Users/ASUS/OneDrive/Documents/NetBeansProjects/Cafe%20Management%20System/src/cafe/management/system/ForgotPassword.java</file>
            <file>file:/C:/Users/ASUS/OneDrive/Documents/NetBeansProjects/Cafe%20Management%20System/src/cafe/management/system/ViewEditDeleteProduct.java</file>
            <file>file:/C:/Users/ASUS/OneDrive/Documents/NetBeansProjects/Cafe%20Management%20System/src/cafe/management/system/PlaceOrder.java</file>
            <file>file:/C:/Users/ASUS/OneDrive/Documents/NetBeansProjects/Cafe%20Management%20System/src/cafe/management/system/CafeManagementSystem.java</file>
        </group>
    </open-files>
</project-private>
